{
  "step": 8500,
  "eval_loss_96": 0.0011250740208197385,
  "eval_loss_200": 0.00022813723808212671,
  "eval_loss_400": 5.902250995859504e-05,
  "eval_loss_mean": 0.0004707445896201534
}