{
  "step": 9750,
  "eval_loss_96": 0.0029074474587105215,
  "eval_loss_200": 0.0005820555234095082,
  "eval_loss_400": 0.0003818734476226382,
  "eval_loss_mean": 0.0012904588099142227
}