{
  "step": 9500,
  "eval_loss_96": 0.006777751259505749,
  "eval_loss_200": 0.0042875986546278,
  "eval_loss_400": 0.004557235515676439,
  "eval_loss_mean": 0.005207528476603329
}