{
  "step": 8500,
  "eval_loss_96": 0.0008474190544802696,
  "eval_loss_200": 0.0001952225575223565,
  "eval_loss_400": 0.00011602607628447004,
  "eval_loss_mean": 0.0003862225627623654
}