{
  "step": 9750,
  "eval_loss_96": 0.004780189483426511,
  "eval_loss_200": 0.0032011288567446172,
  "eval_loss_400": 0.003051169478567317,
  "eval_loss_mean": 0.0036774959395794817
}