{
  "step": 10000,
  "eval_loss_96": 0.0013069778797216713,
  "eval_loss_200": 0.00025539283888065256,
  "eval_loss_400": 0.00014869842561893165,
  "eval_loss_mean": 0.0005703563814070852
}