{
  "step": 9250,
  "eval_loss_96": 0.004516058485023677,
  "eval_loss_200": 0.0015270057774614543,
  "eval_loss_400": 0.0010668225004337728,
  "eval_loss_mean": 0.0023699622543063015
}