{
  "step": 7500,
  "eval_loss_96": 0.0007487044131266885,
  "eval_loss_200": 0.000381513120373711,
  "eval_loss_400": 0.0001016130900097778,
  "eval_loss_mean": 0.00041061020783672575
}