{
  "step": 9750,
  "eval_loss_96": 0.004771928186528385,
  "eval_loss_200": 0.001957291824510321,
  "eval_loss_400": 0.002575441001681611,
  "eval_loss_mean": 0.0031015536709067724
}