{
  "step": 10000,
  "eval_loss_96": 0.0011550893395906314,
  "eval_loss_200": 0.00037953515857225284,
  "eval_loss_400": 0.0003043028264073655,
  "eval_loss_mean": 0.0006129757748567499
}