{
  "step": 8000,
  "eval_loss_96": 0.003559043980203569,
  "eval_loss_200": 0.0016988515853881836,
  "eval_loss_400": 0.0006144355866126716,
  "eval_loss_mean": 0.0019574437174014747
}