{
  "step": 9250,
  "eval_loss_96": 0.00079646724043414,
  "eval_loss_200": 0.0003719120104506146,
  "eval_loss_400": 0.00028556290635606274,
  "eval_loss_mean": 0.0004846473857469391
}